<?xml version="1.0" encoding="utf-8" ?>
<Configuration>
    <ViewDefinitions>
        <View>
            <Name>Companmy.ComputerInfo</Name>
            <ViewSelectedBy>
                <TypeName>Company.ComputerInfo</TypeName>
            </ViewSelectedBy>
            <TableControl>
                <TableHeaders>
                    <TableColumnHeader>
                        <Label>ComputerName</Label>
                        <Width>14</Width>
                    </TableColumnHeader>
                    <TableColumnHeader>
                		<Label>OSVersion</Label>
                    </TableColumnHeader>
                    <TableColumnHeader>
                		<Label>RAM</Label>
                    </TableColumnHeader>
                    <TableColumnHeader>
                		<Label>Procs</Label>
                    </TableColumnHeader>
                </TableHeaders>
                <TableRowEntries>
                    <TableRowEntry>
                        <TableColumnItems>
                            <TableColumnItem>
                                <PropertyName>ComputerName</PropertyName>
                            </TableColumnItem>
                            <TableColumnItem>
                                <PropertyName>OSVersion</PropertyName>
                            </TableColumnItem>
                            <TableColumnItem>
                                <PropertyName>RAM</PropertyName>
                            </TableColumnItem>
                            <TableColumnItem>
                                <PropertyName>Processors</PropertyName>
                            </TableColumnItem>
                        </TableColumnItems>
                    </TableRowEntry>
                 </TableRowEntries>
            </TableControl>
		</View>
	</ViewDefinitions>
</Configuration>
